1,Rock
2,Rock
3,Rock
4,Rock
5,Rock,Pop
6,Funk/Soul
7,Rock
8,Rock
9,Rock,Blues
10,Rock
11,Rock
12,Jazz
13,Rock
14,Rock
15,Rock,Blues
16,Rock
17,Rock
18,Rock
19,Jazz,Rock,Blues,Folk World & Country
20,Funk/Soul,Pop
21,Rock
22,Blues
23,Rock
24,Funk/Soul
25,Funk/Soul
26,Rock
27,Rock
28,Rock
29,Rock
30,Pop
31,Rock,Folk World & Country
32,Rock
33,Rock
34,Rock
35,Rock
36,Rock,Pop
37,Rock
38,Folk World & Country
39,Rock
40,Rock
41,Rock
42,Rock
43,Rock
44,Rock
45,Classical,Stage & Screen
46,Reggae
47,Jazz
48,HipHop
49,Rock,Blues
50,Rock,Blues
51,Rock
52,Funk/Soul
53,Rock
54,Jazz,Funk/Soul
55,Rock,Blues
56,Rock
57,Funk/Soul
58,Rock,Funk/Soul,Pop
59,Rock
60,Rock,Blues
61,Funk/Soul
62,Rock
63,Electronic,Rock
64,Rock
65,Rock,Funk/Soul,Pop
66,Jazz,Rock,Funk/Soul,Folk World & Country
67,Electronic,Rock
68,Funk/Soul,Pop
69,Rock
70,Rock
71,Jazz,Rock,Funk/Soul,Pop,Folk World & Country
72,Funk/Soul,Stage & Screen
73,Rock
74,Rock
75,Funk/Soul
76,Electronic,Rock,Funk/Soul,Stage & Screen
77,Rock
78,Funk/Soul
79,Rock
80,Rock
81,Rock
82,Rock
83,Rock
84,Funk/Soul
85,Funk/Soul
86,Rock
87,Rock
88,Folk World & Country
89,Rock,Funk/Soul
90,Funk/Soul
91,Rock
92,Rock
93,Rock,Reggae
94,Folk World & Country
95,Jazz
96,Rock
97,Folk World & Country
98,Rock
99,Funk/Soul
100,Rock
101,Jazz,Pop
102,Rock,Blues
103,Jazz
104,Rock
105,Funk/Soul,Folk World & Country
106,Rock
107,Latin,Funk/Soul
108,Rock
109,Rock
110,Rock
111,Rock
112,Rock
113,Rock
114,Rock
115,Rock
116,Rock
117,Rock
118,HipHop
119,Funk/Soul,Blues
120,Rock
121,Funk/Soul
122,Reggae,Pop,Folk World & Country,Stage & Screen
123,HipHop
124,Rock
125,Rock,Blues
126,Reggae
127,Rock
128,Rock
129,Electronic,Rock
130,Rock
131,Rock
132,Electronic,Stage & Screen
133,Rock
134,HipHop
135,Rock
136,Rock
137,Rock
138,HipHop
139,Funk/Soul
140,Electronic,Rock
141,Blues
142,Rock,Funk/Soul,Pop
143,Jazz,Rock,Funk/Soul,Blues
144,HipHop
145,Jazz,Rock
146,Rock
147,Rock
148,Rock
149,Rock,Latin,Funk/Soul
150,Rock
151,Rock
152,Electronic,Rock,Pop
153,HipHop
154,Blues
155,Rock
156,HipHop,Rock,Funk/Soul
157,Rock
158,Rock
159,Rock
160,Rock
161,Funk/Soul
162,Electronic,Rock
163,Funk/Soul,Pop
164,Rock,Pop
165,Funk/Soul
166,Rock
167,Rock
168,Rock
169,Reggae
170,Rock
171,Rock
172,Rock
173,Rock
174,Rock
175,Rock,Pop
176,Rock
177,Funk/Soul
178,Funk/Soul
179,Electronic,Pop
180,Rock,Blues,Pop
181,Reggae
182,Rock,Pop
183,Folk World & Country
184,Electronic,Pop
185,Rock
186,Funk/Soul
187,Electronic,Rock,Funk/Soul,Pop
188,Rock,Pop
189,Rock
190,Rock,Funk/Soul,Folk World & Country
191,Rock
192,Rock,Folk World & Country
193,Rock
194,Rock
195,Rock,Blues
196,Rock
197,Rock
198,Blues
199,Rock
200,Rock
201,Electronic,Rock
202,Rock,Pop,Folk World & Country
203,Funk/Soul,Pop
204,Rock
205,Rock,Blues
206,Funk/Soul
207,Rock,Latin
208,Rock,Stage & Screen
209,Rock
210,Rock
211,Rock
212,Rock
213,Rock
214,Funk/Soul
215,Rock
216,Rock,Blues
217,Funk/Soul,Blues
218,Rock,Pop
219,HipHop
220,Funk/Soul
221,Rock
222,Funk/Soul,Blues
223,Rock
224,Rock,Pop
225,Rock
226,Rock
227,Rock
228,HipHop
229,Rock
230,Rock,Pop
231,Rock
232,Rock
233,Rock
234,Rock
235,Folk World & Country
236,Funk/Soul
237,Rock
238,Blues
239,Electronic,Pop
240,Rock
241,Rock
242,HipHop
243,Rock
244,HipHop
245,Rock,Blues,Folk World & Country
246,Electronic,Rock
247,Rock
248,Jazz
249,Rock
250,HipHop
251,Electronic,Rock
252,HipHop
253,Rock
254,Funk/Soul
255,Rock
256,Electronic
257,Funk/Soul,Pop
258,Rock
259,Electronic,Funk/Soul,Pop
260,Pop,Folk World & Country
261,Rock
262,Rock,Folk World & Country
263,Rock
264,Rock
265,Jazz,Pop
266,Rock
267,Rock
268,Rock
269,Rock
270,Rock
271,Rock
272,Rock
273,Funk/Soul
274,Funk/Soul
275,HipHop
276,Funk/Soul
277,Electronic,HipHop,Pop
278,Blues,Folk World & Country
279,Rock
280,Rock
281,HipHop
282,Blues
283,Funk/Soul
284,Electronic,Rock
285,Funk/Soul
286,Funk/Soul
287,Rock
288,Rock
289,Rock
290,Funk/Soul
291,Rock
292,Rock
293,Rock
294,Rock
295,Folk World & Country
296,Rock
297,Electronic,Rock
298,HipHop
299,Rock
300,Rock
301,Folk World & Country
302,HipHop
303,Rock
304,Rock
305,Folk World & Country
306,Electronic,HipHop,Funk/Soul,Pop
307,Rock,Stage & Screen
308,Jazz,Pop
309,Rock
310,Rock
311,Rock,Funk/Soul,Blues,Pop,Folk World & Country
312,Rock
313,Rock
314,HipHop
315,Rock
316,Rock
317,Rock
318,Funk/Soul
319,Reggae
320,Electronic,Rock
321,Rock,Folk World & Country
322,Rock,Pop
323,Rock,Pop
324,Rock,Funk/Soul
325,Rock
326,Electronic,Rock
327,Rock
328,Rock
329,Funk/Soul
330,Rock
331,Rock,Stage & Screen
332,Rock,Folk World & Country
333,Rock
334,Rock,Blues
335,Rock
336,Electronic,Rock
337,Rock
338,Rock
339,Jazz,Pop,Folk World & Country
340,Rock
341,Electronic
342,Electronic
343,Rock
344,Rock
345,Rock,Funk/Soul
346,HipHop
347,Rock
348,Rock,Blues
349,HipHop
350,Rock,Blues
351,Rock
352,Rock
353,HipHop
354,Jazz,Rock,Pop
355,Rock
356,Rock,Pop
357,Rock
358,Jazz
359,Rock
360,Rock
361,HipHop,Funk/Soul
362,Rock
363,Electronic
364,Rock
365,HipHop,Rock
366,Folk World & Country
367,Electronic,Pop
368,Rock
369,Rock
370,Rock
371,Rock
372,Rock,Pop
373,Rock
374,Rock
375,Rock
376,Electronic
377,Blues
378,Rock,Pop
379,Electronic,HipHop,Funk/Soul
380,Reggae
381,Rock
382,Rock
383,Rock
384,Rock
385,Rock
386,Jazz,Rock
387,HipHop
388,Funk/Soul,Folk World & Country
389,Rock
390,Rock
391,Rock
392,Rock
393,Electronic,HipHop,Reggae,Pop
394,Rock,Pop
395,Electronic,Rock
396,Rock
397,Electronic,Reggae
398,Rock
399,Rock,Blues
400,Electronic,Funk/Soul
401,Rock
402,HipHop
403,Rock
404,Funk/Soul
405,Rock
406,Rock
407,Rock,Reggae
408,Rock,Funk/Soul,Blues
409,Rock
410,Rock,Blues
411,Rock
412,Rock
413,Rock
414,Rock
415,Rock
416,Electronic,Rock
417,Rock
418,Rock
419,Electronic
420,Rock,Pop
421,Rock,Pop
422,Rock,Pop
423,Electronic,Funk/Soul
424,Rock
425,Rock,Folk World & Country
426,Rock
427,Rock,Blues,Pop
428,Rock
429,Electronic
430,Rock
431,Rock
432,Rock
433,Rock
434,Rock
435,Rock
436,Rock
437,HipHop,Funk/Soul
438,Rock
439,Funk/Soul
440,Rock,Folk World & Country
441,Electronic,Rock
442,Rock
443,Rock
444,Funk/Soul
445,Rock
446,Rock
447,Jazz
448,Rock,Pop
449,Rock
450,Rock
451,Funk/Soul,Pop
452,Folk World & Country
453,HipHop
454,Rock
455,Rock,Latin
456,Funk/Soul
457,Rock
458,Rock,Folk World & Country
459,Rock,Funk/Soul
460,Rock
461,Electronic,Rock
462,Rock
463,Rock
464,Rock
465,Electronic,Rock
466,Rock
467,Rock
468,Rock,Blues
469,HipHop
470,HipHop
471,Rock
472,Electronic,Rock,Funk/Soul,Blues,Pop
473,Rock
474,Rock,Reggae,Latin
475,Rock
476,HipHop
477,Folk World & Country
478,Folk World & Country
479,Rock,Funk/Soul
480,HipHop
481,HipHop,Funk/Soul
482,Rock,Folk World & Country
483,Rock
484,Rock
485,Rock
486,Funk/Soul
487,Electronic,Rock
488,Rock
489,Rock
490,Rock
491,Funk/Soul,Blues
492,Electronic,Pop
493,Rock
494,Electronic,Rock,Pop
495,Rock
496,Rock
497,Rock
498,Rock
499,Blues
500,HipHop